month,sales_count,median_aed_per_sqft,ma5_aed_per_sqft,index_base100,provisional
2008-01,713,666,675,100,false
2008-02,570,666,662,98,false
2008-03,931,694,690,102.2,false
2008-04,1387,621,720,106.6,false
2008-05,1156,804,732,108.4,false
2008-06,1270,813,719,106.4,false
2008-07,1587,729,718,106.3,false
2008-08,1749,626,700,103.6,false
2008-09,1253,618,656,97.2,false
2008-10,1372,713,636,94.1,false
2008-11,2430,596,625,92.5,false
2008-12,1626,626,621,92,false
2009-01,3284,571,624,92.5,false
2009-02,2404,599,678,100.3,false
2009-03,3172,730,725,107.3,false
2009-04,6877,862,791,117.2,false
2009-05,6483,862,850,125.9,false
2009-06,8008,903,882,130.6,false
2009-07,6262,894,860,127.3,false
2009-08,5634,890,832,123.2,false
2009-09,2864,750,810,120,false
2009-10,3450,722,819,121.2,false
2009-11,2479,795,848,125.5,false
2009-12,2642,937,859,127.2,false
2010-01,1425,1035,904,133.9,false
2010-02,2351,807,910,134.8,false
2010-03,6706,946,891,132,false
2010-04,2502,826,860,127.4,false
2010-05,2643,843,881,130.5,false
2010-06,3522,880,876,129.7,false
2010-07,1958,912,884,130.9,false
2010-08,2430,920,891,132,false
2010-09,1100,866,888,131.5,false
2010-10,1596,878,873,129.3,false
2010-11,1238,864,864,128,false
2010-12,1218,838,862,127.6,false
2011-01,2206,875,853,126.3,false
2011-02,2404,855,851,126,false
2011-03,2438,834,856,126.7,false
2011-04,1940,851,840,124.3,false
2011-05,1876,864,842,124.7,false
2011-06,1688,794,839,124.3,false
2011-07,1813,868,837,123.9,false
2011-08,1489,819,817,121,false
2011-09,1567,839,825,122.2,false
2011-10,1948,765,824,122,false
2011-11,1251,835,829,122.7,false
2011-12,2142,862,827,122.4,false
2012-01,1893,843,841,124.6,false
2012-02,2109,829,850,125.9,false
2012-03,1897,837,850,125.8,false
2012-04,2300,879,851,126,false
2012-05,2262,861,861,127.4,false
2012-06,1809,848,866,128.2,false
2012-07,2214,878,868,128.5,false
2012-08,1539,862,878,130,false
2012-09,2134,891,915,135.5,false
2012-10,3130,910,938,138.9,false
2012-11,2678,1034,955,141.4,false
2012-12,3433,992,982,145.4,false
2013-01,3448,947,993,147,false
2013-02,3176,1026,980,145.1,false
2013-03,3381,966,976,144.6,false
2013-04,4538,967,978,144.9,false
2013-05,4370,976,982,145.4,false
2013-06,4175,957,992,146.8,false
2013-07,4322,1044,979,145,false
2013-08,2687,1014,983,145.5,false
2013-09,5306,904,1009,149.4,false
2013-10,6396,994,995,147.3,false
2013-11,3494,1090,984,145.7,false
2013-12,7121,971,1014,150.1,false
2014-01,4093,961,1042,154.3,false
2014-02,3524,1054,1055,156.2,false
2014-03,4677,1133,1086,160.9,false
2014-04,4678,1156,1134,167.9,false
2014-05,3632,1128,1139,168.6,false
2014-06,4319,1200,1133,167.8,false
2014-07,2528,1076,1111,164.5,false
2014-08,3328,1106,1098,162.5,false
2014-09,3127,1044,1081,160.1,false
2014-10,3734,1062,1083,160.4,false
2014-11,3855,1118,1081,160.1,false
2014-12,4427,1086,1092,161.7,false
2015-01,3248,1095,1119,165.7,false
2015-02,2909,1099,1115,165.2,false
2015-03,2992,1198,1104,163.4,false
2015-04,2314,1099,1095,162.1,false
2015-05,2859,1027,1072,158.7,false
2015-06,2941,1051,1031,152.7,false
2015-07,1766,983,996,147.5,false
2015-08,2705,996,988,146.2,false
2015-09,3074,922,984,145.7,false
2015-10,2361,986,973,144.1,false
2015-11,4382,1033,978,144.8,false
2015-12,3736,930,993,147,false
2016-01,2393,1018,991,146.8,false
2016-02,3959,996,999,148,false
2016-03,2213,979,1027,152.1,false
2016-04,3161,1074,1041,154.1,false
2016-05,3110,1069,1080,160,false
2016-06,2899,1085,1115,165,false
2016-07,2996,1194,1101,163,false
2016-08,3527,1151,1087,161,false
2016-09,1920,1006,1065,157.8,false
2016-10,2642,1000,1045,154.8,false
2016-11,2712,976,1030,152.5,false
2016-12,2529,1094,1052,155.7,false
2017-01,3531,1073,1059,156.9,false
2017-02,3653,1116,1087,161,false
2017-03,4080,1038,1071,158.6,false
2017-04,3595,1114,1062,157.3,false
2017-05,3524,1015,1059,156.8,false
2017-06,2075,1029,1078,159.6,false
2017-07,3279,1097,1077,159.5,false
2017-08,3809,1134,1089,161.2,false
2017-09,2368,1110,1105,163.6,false
2017-10,3288,1074,1126,166.7,false
2017-11,2724,1110,1138,168.5,false
2017-12,3203,1200,1160,171.8,false
2018-01,2794,1196,1177,174.3,false
2018-02,2561,1222,1191,176.4,false
2018-03,2313,1158,1188,176,false
2018-04,2477,1180,1161,171.9,false
2018-05,3007,1186,1136,168.2,false
2018-06,1963,1059,1107,163.9,false
2018-07,2459,1098,1055,156.2,false
2018-08,1298,1012,1008,149.3,false
2018-09,1971,918,1006,149,false
2018-10,2887,954,994,147.2,false
2018-11,2357,1049,991,146.7,false
2018-12,2137,1037,1025,151.8,false
2019-01,1842,996,1053,156,false
2019-02,2526,1091,1045,154.7,false
2019-03,2333,1094,1073,158.9,false
2019-04,2697,1006,1105,163.7,false
2019-05,2820,1180,1093,161.9,false
2019-06,1902,1156,1057,156.6,false
2019-07,3596,1030,1049,155.3,false
2019-08,2002,915,1001,148.2,false
2019-09,2790,962,981,145.3,false
2019-10,4243,940,995,147.4,false
2019-11,2708,1058,1009,149.3,false
2019-12,3786,1101,1019,150.9,false
2020-01,2298,982,1048,155.2,false
2020-02,3354,1014,1110,164.3,false
2020-03,2779,1087,1132,167.6,false
2020-04,1475,1364,1136,168.2,false
2020-05,1186,1212,1114,164.9,false
2020-06,1959,1002,1077,159.5,false
2020-07,2158,904,987,146.1,false
2020-08,1915,904,909,134.6,false
2020-09,2695,911,898,133,false
2020-10,3294,823,904,133.9,false
2020-11,3443,948,911,134.9,false
2020-12,3042,935,920,136.3,false
2021-01,2671,937,953,141.1,false
2021-02,2981,959,955,141.4,false
2021-03,4212,984,967,143.2,false
2021-04,4061,959,985,145.9,false
2021-05,3831,996,1014,150.1,false
2021-06,5405,1028,1031,152.6,false
2021-07,3757,1102,1050,155.4,false
2021-08,4930,1069,1066,157.8,false
2021-09,4996,1053,1087,161,false
2021-10,4320,1078,1097,162.4,false
2021-11,6322,1133,1115,165,false
2021-12,4929,1151,1127,166.8,false
2022-01,5168,1158,1156,171.2,false
2022-02,5531,1113,1159,171.6,false
2022-03,7680,1225,1182,175.1,false
2022-04,6275,1148,1185,175.5,false
2022-05,6010,1268,1209,179.1,false
2022-06,7891,1172,1194,176.8,false
2022-07,6454,1233,1215,179.9,false
2022-08,8769,1149,1256,185.9,false
2022-09,8005,1254,1298,192.2,false
2022-10,7790,1470,1333,197.4,false
2022-11,10528,1383,1371,203,false
2022-12,8352,1409,1364,201.9,false
2023-01,8946,1338,1319,195.3,false
2023-02,8724,1219,1300,192.6,false
2023-03,11174,1246,1284,190.2,false
2023-04,7451,1290,1307,193.5,false
2023-05,10797,1329,1336,197.9,false
2023-06,9798,1450,1371,203,false
2023-07,10308,1366,1395,206.6,false
2023-08,10970,1418,1426,211.1,false
2023-09,12427,1412,1424,210.8,false
2023-10,10897,1482,1454,215.2,false
2023-11,10488,1440,1486,220,false
2023-12,9984,1516,1505,222.8,false
2024-01,10481,1579,1501,222.2,false
2024-02,11206,1507,1521,225.3,false
2024-03,12446,1461,1532,226.8,false
2024-04,10925,1543,1517,224.6,false
2024-05,16346,1569,1517,224.7,false
2024-06,13233,1503,1521,225.2,false
2024-07,15302,1510,1510,223.5,false
2024-08,14891,1479,1507,223.1,false
2024-09,16949,1487,1504,222.6,false
2024-10,19419,1554,1509,223.5,false
2024-11,13493,1488,1514,224.2,false
2024-12,14462,1538,1513,224,false
2025-01,12640,1505,1518,224.7,false
2025-02,14895,1478,1536,227.4,false
2025-03,14424,1579,1553,230,false
2025-04,16897,1580,1587,235.1,false
2025-05,17553,1624,1633,241.7,false
2025-06,15492,1676,1661,246,false
2025-07,18875,1704,1683,249.3,false
2025-08,17350,1723,1692,250.5,false
2025-09,19197,1690,1704,252.3,false
2025-10,18396,1667,1718,254.4,false
2025-11,17557,1737,1712,253.5,false
2025-12,17543,1772,1715,253.9,false
2026-01,15344,1694,1722,255,false
2026-02,15563,1705,1735,256.9,false
2026-03,13153,1702,1705,252.5,false
2026-04,12916,1801,1702,252.1,false
2026-05,9794,1624,1698,251.4,false
2026-06,12671,1679,1694,250.9,false
2026-07,12841,1683,1660,245.9,false
2026-08,11221,1684,1670,247.2,true
2026-09,10466,1632,1666,246.7,true
