month,sales_count,median_aed_per_sqft_per_year,ma5_aed_per_sqft_per_year,index_base100,provisional
2010-05,30,58.2,55.6,100,false
2010-06,48,55.5,54.4,97.7,false
2010-07,50,53.2,55.1,99,false
2010-08,61,50.5,53.1,95.5,false
2010-09,94,58.1,52.5,94.4,false
2010-10,54,48.3,52.5,94.4,false
2010-11,108,52.6,53.2,95.6,false
2010-12,116,53.2,52.7,94.8,false
2011-01,118,53.7,54.1,97.2,false
2011-02,135,55.8,54.5,98,false
2011-03,178,55,54.4,97.8,false
2011-04,235,55,53.1,95.4,false
2011-05,281,52.6,51.1,91.9,false
2011-06,294,46.9,50,89.9,false
2011-07,334,46,49.1,88.2,false
2011-08,399,49.6,48.7,87.6,false
2011-09,408,50.3,49.6,89.2,false
2011-10,549,50.8,50.6,90.9,false
2011-11,484,51.3,50.1,90.1,false
2011-12,526,50.8,49.9,89.7,false
2012-01,657,47.5,49.3,88.7,false
2012-02,669,49.2,48.8,87.6,false
2012-03,729,47.9,49,88,false
2012-04,870,48.4,49.9,89.6,false
2012-05,852,51.8,50,89.9,false
2012-06,992,52,50.2,90.2,false
2012-07,1331,50,50.4,90.6,false
2012-08,1492,48.7,50,89.9,false
2012-09,1905,49.4,49.5,89,false
2012-10,2169,49.9,49.9,89.6,false
2012-11,1957,49.6,49.9,89.8,false
2012-12,2231,51.7,50.2,90.3,false
2013-01,3064,49.1,50.3,90.4,false
2013-02,2986,50.9,50.3,90.4,false
2013-03,3738,50.1,50.6,91,false
2013-04,4097,49.7,51.5,92.6,false
2013-05,3785,53.3,52.9,95.2,false
2013-06,4315,53.5,54.9,98.7,false
2013-07,6591,58.1,57.3,103,false
2013-08,7195,59.9,59.1,106.3,false
2013-09,8513,61.8,61.2,110,false
2013-10,7887,62.3,62.5,112.3,false
2013-11,6592,63.8,63.4,114,false
2013-12,6367,64.6,64.6,116,false
2014-01,7045,64.5,65.5,117.7,false
2014-02,6394,67.6,66.1,118.8,false
2014-03,7049,67,67.1,120.5,false
2014-04,7195,66.8,68.3,122.7,false
2014-05,6858,69.4,68.6,123.3,false
2014-06,7326,70.6,69.5,125,false
2014-07,8237,69.1,70.5,126.7,false
2014-08,8292,71.8,70.9,127.4,false
2014-09,9260,71.4,71.6,128.7,false
2014-10,8503,71.6,72.4,130.1,false
2014-11,7700,74,72.4,130.2,false
2014-12,7580,73.2,73.2,131.6,false
2015-01,8740,72,73.7,132.5,false
2015-02,7831,75.2,73.8,132.6,false
2015-03,8684,74.2,74.3,133.5,false
2015-04,8604,74.3,75,134.7,false
2015-05,8133,75.6,74.8,134.5,false
2015-06,8596,75.5,75.2,135.2,false
2015-07,9117,74.5,75.6,135.9,false
2015-08,9400,76.3,75.7,136,false
2015-09,9859,76.1,76.1,136.9,false
2015-10,9173,76,76.6,137.7,false
2015-11,8431,77.8,76.5,137.4,false
2015-12,7977,76.8,76.9,138.3,false
2016-01,9324,75.6,77,138.4,false
2016-02,8846,78.4,76.5,137.6,false
2016-03,8875,76.4,76.5,137.4,false
2016-04,9215,75.5,76.7,137.8,false
2016-05,8635,76.4,76.2,136.9,false
2016-06,9039,76.6,76.5,137.5,false
2016-07,9620,75.9,76.8,138.1,false
2016-08,10819,78,77,138.5,false
2016-09,10374,77.2,77.2,138.8,false
2016-10,10145,77.5,77.3,138.9,false
2016-11,9211,77.4,76.7,137.9,false
2016-12,8856,76.3,76.7,137.8,false
2017-01,10216,75.2,76,136.7,false
2017-02,9273,77,75.3,135.3,false
2017-03,10169,74.3,74.7,134.2,false
2017-04,10196,73.5,74.3,133.5,false
2017-05,9851,73.4,73.4,132,false
2017-06,9948,73.1,73.4,131.9,false
2017-07,11606,72.8,73.4,132,false
2017-08,13190,74.2,73.5,132.2,false
2017-09,12620,73.6,73.4,132,false
2017-10,12613,73.9,73.2,131.5,false
2017-11,11683,72.6,72.5,130.2,false
2017-12,11055,71.6,72,129.5,false
2018-01,12352,70.6,71.3,128.2,false
2018-02,11677,71.5,70.5,126.8,false
2018-03,12311,70.4,69.9,125.7,false
2018-04,11997,68.5,69.3,124.6,false
2018-05,11544,68.6,68.3,122.8,false
2018-06,11567,67.5,67.7,121.7,false
2018-07,13352,66.6,67.4,121.2,false
2018-08,14502,67.3,67,120.4,false
2018-09,14228,67,66.5,119.6,false
2018-10,14496,66.6,66,118.7,false
2018-11,13236,65.1,65.2,117.2,false
2018-12,12923,64.1,64.5,115.9,false
2019-01,13388,63.1,63.3,113.9,false
2019-02,12899,63.4,62.3,112,false
2019-03,13605,61,61.5,110.5,false
2019-04,13613,60,60.6,109,false
2019-05,12734,60,59.7,107.4,false
2019-06,12365,58.8,59.3,106.6,false
2019-07,15092,58.9,59.2,106.3,false
2019-08,15283,58.9,58.9,105.9,false
2019-09,16048,59.2,58.7,105.5,false
2019-10,16097,58.8,58.3,104.8,false
2019-11,15006,57.7,57.8,103.8,false
2019-12,14533,56.9,57.3,103,false
2020-01,15043,56.2,56.4,101.4,false
2020-02,14884,56.9,55.5,99.8,false
2020-03,14727,54.5,54.6,98.1,false
2020-04,10316,53.1,53.4,96,false
2020-05,10866,52.2,52,93.4,false
2020-06,13284,50.4,51,91.7,false
2020-07,17659,49.7,50.2,90.3,false
2020-08,18471,49.6,49.4,88.7,false
2020-09,19386,49.2,48.8,87.6,false
2020-10,19842,47.9,48.2,86.7,false
2020-11,18855,47.4,47.6,85.6,false
2020-12,18129,47.1,47.3,84.9,false
2021-01,19181,46.6,46.9,84.4,false
2021-02,18068,47.3,46.8,84.2,false
2021-03,18860,46.3,46.9,84.3,false
2021-04,16629,46.9,47,84.6,false
2021-05,14395,47.4,47.1,84.6,false
2021-06,16292,47.3,47.4,85.1,false
2021-07,19266,47.4,47.8,85.9,false
2021-08,19849,47.8,48.2,86.6,false
2021-09,22899,49,48.6,87.4,false
2021-10,23819,49.3,49,88.1,false
2021-11,22776,49.7,49.4,88.8,false
2021-12,21185,49.4,49.8,89.6,false
2022-01,20589,49.7,50.1,90.1,false
2022-02,19830,51.1,50.6,90.9,false
2022-03,20522,50.7,51.1,91.9,false
2022-04,19272,52,51.8,93.1,false
2022-05,17161,52.1,52.3,94,false
2022-06,19032,53.2,53.1,95.4,false
2022-07,21412,53.4,54,97.1,false
2022-08,22557,54.8,55,98.9,false
2022-09,25115,56.6,55.9,100.4,false
2022-10,26343,57.2,56.5,101.6,false
2022-11,24897,57.4,57,102.5,false
2022-12,22919,56.5,57.6,103.5,false
2023-01,22012,57.3,57.9,104.1,false
2023-02,21208,59.5,58.4,104.9,false
2023-03,22697,58.9,59.1,106.3,false
2023-04,20515,59.6,60.1,108.1,false
2023-05,19280,60.4,60.5,108.7,false
2023-06,20305,62.2,61.6,110.7,false
2023-07,21960,61.2,62.9,113.1,false
2023-08,24976,64.4,64.2,115.4,false
2023-09,27245,66.4,65.2,117.2,false
2023-10,28444,66.7,66,118.6,false
2023-11,26320,67.3,66.4,119.4,false
2023-12,23904,65.2,67.1,120.6,false
2024-01,23348,66.4,67.6,121.5,false
2024-02,23672,69.8,67.9,122.1,false
2024-03,23410,69.4,69.2,124.3,false
2024-04,20822,68.8,70.5,126.7,false
2024-05,21524,71.4,71.2,128,false
2024-06,21643,73,72.7,130.7,false
2024-07,23931,73.5,74.8,134.4,false
2024-08,27538,77,76.4,137.4,false
2024-09,30000,79,77.8,139.8,false
2024-10,30800,79.7,78.3,140.8,false
2024-11,28325,79.6,78.3,140.7,false
2024-12,25049,76.4,78.5,141.2,false
2025-01,25163,76.6,78.4,141,false
2025-02,24804,80.4,78.3,140.7,false
2025-03,25416,79.1,79.2,142.4,false
2025-04,22773,79,80.2,144.1,false
2025-05,23706,81.1,80.5,144.7,false
2025-06,22912,81.3,81.8,147.1,false
2025-07,26207,81.9,83.7,150.4,false
2025-08,30598,85.8,85.4,153.4,false
2025-09,33579,88.4,86.7,155.8,false
2025-10,33829,89.4,87.2,156.8,false
2025-11,30412,87.8,87.2,156.7,false
2025-12,26734,84.8,87.4,157,false
2026-01,27607,85.6,86.2,154.9,false
2026-02,26308,89.2,84.7,152.2,false
2026-03,22757,83.5,84.2,151.3,false
2026-04,19312,80.2,83.9,150.8,false
2026-05,21736,82.5,83,149.3,false
2026-06,23249,84,83.9,150.7,false
2026-07,27198,85,84.8,152.4,true
2026-08,27451,87.6,85.5,153.7,true
